image_0.jpg,68.66057291666667,66.0414453125,29.728815104166667,22.5,8.0,16.0,3.6116471,0.015964203,5.260416666666667,0.00015680849894871956,0.00025426220922571976,196.20718426131967,2.890625,0.028970840814951306,7.105454049668871,23.32985,0.0825,0.006380208333333333,4.219630700349808,0.032565712956501514,2.7658615754629703,6.659527143224649,62.6923046875,60.58141214988169,6.792245
image_100.jpg,7.594028755868544,8.759052230046947,8.128726525821596,0.0,0.0,0.0,1.3812041,0.05522302,2.552816901408451,-6.644898587180365e-05,0.0003560918886386684,193.88863559272784,0.2934272300469484,0.05234455661848188,12.103847485780715,21.773046,0.0082306338028169,0.04499706572769953,0.38991252320345077,0.9853815261044176,3.0648418701401057,9.686332149356092,8.339421948356808,38.26889520584812,0.6696551
image_101.jpg,63.14100624925367,80.63929467022251,62.61238705568603,90.0,248.0,0.0,3.8943598,0.018922413,8.100147275405009,0.002552703327031988,0.002010790984129623,171.09119727511955,14.608128010189866,0.04872059175358928,3.6175583745543247,27.048439,0.19165704732715041,0.08456394538868765,5.072713835349935,0.358550272140416,2.7854747148740833,7.099330390891114,73.33109103212196,76.31331709049378,7.166627
image_102.jpg,57.95086968580372,138.41689448868814,158.87568841871706,101.25,248.0,248.0,4.0308914,0.01208606,7.567653235072705,0.00011298661648111883,0.00013767263616180084,169.02969608506606,9.786441618130672,0.02525333956502348,3.9782337165071895,26.815268,0.224612702563493,0.01942430365703871,2.6929873295306126,0.2000203998368013,2.8009739791067365,6.444408786597596,116.68998375529934,38.79699541968891,7.1964316
image_103.jpg,135.59197255291005,120.90930886243386,60.594225363756614,22.5,248.0,152.0,4.256176,0.0099139055,4.112929894179895,7.747905080072745e-06,0.00035181823646909767,165.11990066988383,3.3688822751322753,0.023744658407029565,4.378906112507077,23.300373,0.06917576058201058,0.006882440476190476,3.275652149018277,0.019057975161678016,2.8694349620295827,6.772624647348931,118.42919146825396,65.29073939567824,7.682704
image_104.jpg,59.5773046875,45.61208333333334,13.883424479166667,22.5,136.0,8.0,2.849434,0.033945557,2.864583333333333,0.0006793978008338526,0.0017222263594524503,205.75837214372376,0.4947916666666667,0.0396012890544769,8.33455411697689,23.07463,0.0208203125,0.00169921875,0.0777791942868914,0.9738805970149254,2.7916188728924367,8.448104130142077,46.252291666666665,65.17875077078364,5.1797485
image_105.jpg,17.86732687793427,9.163761737089201,7.549061032863849,0.0,0.0,0.0,1.530508,0.053440515,0.35211267605633806,-7.135287428461368e-06,1.5905245888847353e-05,172.3113534450531,0.17605633802816903,0.031998150904352464,17.926221152146656,20.632162,0.010269953051643193,0.06424589201877934,0.4645823000966943,0.9887107699254911,2.0697159876583875,5.008460809293872,11.580897887323944,21.51165270291197,1.0861516
image_106.jpg,107.44854928457869,44.16879968203497,41.04161367249603,123.75,128.0,32.0,3.563714,0.018805735,7.1939586645469,0.00018074775165730406,0.00017555288798000378,157.45873343812826,3.7360890302066774,0.02854143038015575,4.624345546707194,23.204165,0.05840620031796502,0.0028716216216216218,3.7288187963957338,0.01002254204959251,2.6706982951462312,5.91122830247928,62.74308426073132,49.47525890690679,6.8590508
image_107.jpg,55.145742187500005,44.193945312500006,12.742838541666668,22.5,136.0,8.0,2.7563748,0.03464524,0.625,8.040808224940577e-05,0.0002898522673190582,127.36986662944157,0.078125,0.050526867154985666,24.569698174794514,23.829428,0.010872395833333333,0.24729166666666666,1.146095125590052,0.8492599382909269,2.7591323727387844,7.7213276113389435,43.96567708333333,64.24677212270973,5.022783
image_108.jpg,16.512279929577463,14.518676643192489,13.019674295774648,0.0,0.0,0.0,1.4245089,0.053980254,1.1150234741784038,-0.0008158722842940105,0.00034791045207040134,192.67543039510124,0.08802816901408451,0.1484677940607071,48.72887420654297,20.733072,0.004019953051643193,0.06624853286384977,0.47254222553174446,0.9879663056558363,3.151367171718456,9.947966997210912,14.942282863849766,55.85407911221864,0.78317654
image_109.jpg,51.01131510416667,38.5155859375,12.819570312500002,22.5,152.0,8.0,2.9328234,0.031814914,3.203125,0.0004554784698044854,0.0010750114432504809,211.37759866874393,0.5989583333333333,0.04172822521270617,8.963031742883766,22.898098,0.0182421875,0.00244140625,2.983116729131767,0.0069710376621928095,2.6939683610875003,7.586696203455924,39.435872395833336,60.990672973281065,5.502682
image_10.jpg,163.7159418202765,99.80542914746543,60.19953917050691,5.625,200.0,248.0,4.062907,0.010497022,5.961981566820277,0.00031566239311465273,0.0004270160456708021,132.8846347976998,7.819700460829493,0.026450387848812134,4.075714239977561,25.601202,0.18621831797235022,0.008590149769585253,2.228267887895112,0.09263141548256852,2.8492440318032934,6.507393628195698,114.39112903225806,45.777105197314775,7.2884636
image_110.jpg,14.196552230046947,14.17762617370892,2.052230046948357,0.0,0.0,0.0,1.3986802,0.054412004,1.4818075117370892,-0.0007023280627174474,0.0003487120224558369,174.14154877406682,0.1613849765258216,0.11496275494044478,29.357231205159966,18.498579,0.003594483568075117,0.05553843896713615,0.43941491719258435,0.9845253576072822,3.1567311712022716,9.7338479046887,12.804782863849764,52.23324899973076,0.73458123
image_111.jpg,131.82303068901007,50.12442781514947,24.216355530788523,0.0,200.0,136.0,3.238615,0.02503396,6.52788281654261,3.6220064915456564e-05,4.514014911210443e-05,109.07931203231578,4.298849659674402,0.020105153585232242,3.8570445985705764,25.520182,0.0808223540182303,0.05452175297536122,0.48624067511779584,0.9444923289088089,2.6421638984570497,6.386403360301056,71.64174262627871,36.61647050022428,5.7190695
image_112.jpg,100.01811851851852,80.04365925925926,98.43662222222223,151.875,56.0,8.0,4.3061743,0.0077654924,6.82962962962963,0.00032492953413094765,0.00035809180632517573,195.86046335081733,7.481481481481481,0.028614517234929717,4.7414517888928405,25.529161,0.16162962962962962,0.013822222222222222,2.7402778546015423,0.13894266567386448,2.858040778697236,7.57794108075852,88.1215111111111,65.2284084174948,7.6304245
image_11.jpg,78.27300781250001,64.1786328125,14.607005208333334,22.5,216.0,8.0,3.0989954,0.027510514,1.7578125,0.00012847133074258307,0.00026926230831007206,95.26168515240704,0.7161458333333333,0.0311356591230089,10.587003753402016,22.318323,0.025729166666666668,0.39434244791666667,1.2449619867971966,0.9698653387347285,2.9062892427427376,7.955420065856266,62.84360677083333,68.91885613721428,5.7272205
image_12.jpg,81.3231640625,86.38516927083334,74.54381510416667,61.875,40.0,48.0,4.2899866,0.0077277557,5.9765625,0.0006815856618618306,0.0005684843544075758,182.5383006021348,14.2578125,0.02756526569270244,3.5337560980287317,27.636936,0.22845052083333334,0.036458333333333336,11.510338481834957,0.07700664182285723,2.7898707252279316,6.64107232114071,83.52345052083334,58.26053304330247,7.6001654
image_13.jpg,155.2762408947976,95.2222067428253,75.05230267085938,11.25,176.0,248.0,4.2536116,0.009679004,7.204553596306173,9.057866208430313e-05,0.00020138158817726616,126.96371239851851,3.3634518170600645,0.029403703711574247,5.0521953747822685,23.099297,0.12331329857103053,0.0019105998487441787,1.5625016989297424,0.034096963239211506,2.8660241892933276,6.667083923477646,110.87463678700792,61.69780886077544,7.765669
image_14.jpg,78.54401576684185,52.65788740245262,63.014851090938045,174.375,152.0,136.0,3.8188283,0.015243719,0.19907628603280778,0.0002532407830585726,3.049222784563074e-05,269.8857650756836,0.03981525720656155,0.043867459520697594,9.651149272918701,22.695312,0.002488453575410097,0.007395684026118809,0.28137567053715734,0.770746887966805,2.6463106835058725,5.749479197145053,61.58715559802516,42.87753360508578,6.7766876
image_15.jpg,187.51449936528084,63.73829736591558,37.43105363376706,0.0,208.0,248.0,3.6960883,0.016117012,4.3240241193271975,1.421367315950971e-05,2.765129769234263e-05,168.85010627554644,1.8446524912726119,0.021889755962997356,3.741051226533869,23.739162,0.08882100920342749,0.005008330688670263,0.522791700071643,0.38726993865030673,2.79479524947038,6.259447989013878,97.73462789590606,45.50815135364974,7.3050203
image_16.jpg,8.502406103286384,13.186267605633802,10.591021126760563,0.0,0.0,0.0,1.623982,0.052565467,3.403755868544601,1.9503725801904427e-05,6.744262601468896e-05,239.22645914503212,0.7042253521126761,0.02764233232786258,5.441451867421468,26.83252,0.01329225352112676,0.08866637323943662,0.6437062906279573,0.9813266217423073,2.6712780405684007,5.542029916876644,11.489730046948356,37.094260564520404,1.2465215
image_17.jpg,40.33796875,15.065703125,8.814466145833334,22.5,136.0,8.0,2.4886217,0.037865523,3.7369791666666665,7.869041761281842e-05,0.00010798633490380276,179.8997470709505,1.2109375,0.03192195539633112,6.606842073061133,24.463709,0.01765625,0.0010091145833333334,0.11252177208662033,0.6175298804780877,2.324675320970234,6.079087796636179,21.950716145833333,23.637251689988943,5.0017796
image_18.jpg,84.93643275086575,61.424710424710426,39.111252637025835,11.25,24.0,16.0,3.775213,0.016843015,7.1647494327906704,0.00023737782430796668,0.00023880554336382009,210.48409059709974,2.3484456474147195,0.027845782480376252,5.3674278117842595,25.15711,0.07047327150419934,0.0025176133423556106,2.263065361029265,0.04923136797042226,2.735072172142499,6.327969319158873,65.92279982486168,51.921921689464966,6.93565
image_19.jpg,45.31005208333334,14.126028645833335,8.371953125000001,22.5,136.0,8.0,2.6711817,0.033477634,1.9401041666666665,0.00016937938110248485,0.0002936339151989905,183.91962425500753,0.6640625,0.026460350217188105,5.7422872244143015,23.944853,0.015286458333333334,0.00123046875,0.08048404944794518,0.949748743718593,2.3416427218212514,5.8350502062076055,22.8406640625,27.51788036283296,5.0035152
image_1.jpg,237.20423850003974,219.61072932390562,191.34571383173116,0.0,0.0,248.0,2.4605849,0.042232294,7.150234368793199,0.000774777151037319,0.0012186511857362062,235.94024423427052,2.721061412568523,0.042071273788320325,3.8534422590784785,23.863482,0.0703702232462064,0.016524986096766506,2.2600625414251017,0.27021760311789544,3.011799913793135,6.5417807009682605,221.65245888615237,61.56720837691446,3.629159
image_20.jpg,69.02196614583333,59.73792968750001,20.42108072916667,22.5,136.0,8.0,3.0653322,0.029458202,1.9791666666666667,0.0005677309315516547,0.0013734726975681481,167.24258977645323,0.3125,0.058513305111167334,12.094725340604782,21.72526,0.016953125,0.002109375,2.6817733245236535,0.005961251862891207,2.8905473397340216,7.148656004896757,58.10764322916667,81.94389873895054,5.683942
image_21.jpg,90.92924479166668,104.15203125000001,122.88020833333334,112.5,24.0,104.0,4.3378983,0.0071711196,5.833333333333334,0.0008703445383285871,0.0009502104788753369,233.57166922075808,15.611979166666666,0.03064083836559483,3.36749167746559,28.914278,0.33532552083333333,0.08039713541666667,13.414673510619572,0.18621729623765362,2.8272120353653345,6.793082304032861,102.33140625,56.9684734460426,7.5453787
image_22.jpg,208.0674418604651,136.11530510832836,9.906300934207911,16.875,248.0,224.0,3.2200494,0.027539104,8.368117670443253,0.00024093716226513765,0.0002119582894162408,203.87816510121218,4.551778970383622,0.030143961713010828,3.7602572800290637,27.768286,0.10027827469687935,0.0278175313059034,2.7031591306985345,0.26741186586414445,2.9251166354694504,6.779770314130392,143.239554760485,41.97753866599743,6.740275
image_23.jpg,140.52747395833333,75.81850260416667,154.86231770833334,140.625,144.0,248.0,4.2929964,0.007282687,6.2109375,0.0006193826235400938,0.0006372612428989672,191.69758974781075,18.984375,0.029471535745379612,3.4906412674566356,28.72884,0.30298177083333333,0.06050130208333333,10.817983664997987,0.16916971583565435,2.8223720319351515,6.702178023319868,104.19104166666666,43.23804251801798,7.4544725
image_24.jpg,10.956338028169014,11.07693661971831,3.684536384976526,0.0,0.0,0.0,1.3732957,0.05514435,2.5234741784037555,-4.8997724314594324e-05,0.0008368083753730688,183.81124339864567,0.2347417840375587,0.08289949991740286,17.392735682427883,24.581055,0.005428403755868545,0.044982394366197186,0.38835824967325294,0.9877577319587629,3.1411674072234925,9.976446135919874,10.198019366197183,46.84946492794594,0.72848207
image_25.jpg,95.4573131955485,126.13487678855326,123.14213036565978,101.25,168.0,176.0,4.063953,0.011249665,7.4324324324324325,0.0005919717941736583,0.0008134178799616658,139.02640520155748,4.709856915739269,0.033343747065634415,4.061410072483594,24.201214,0.14888712241653418,0.11115858505564388,4.66864610127625,0.3015363881401617,2.788652781870982,6.170324595065765,116.6239666136725,43.42558751884189,7.179482
image_26.jpg,76.03986979166667,62.761067708333336,14.169401041666667,22.5,216.0,8.0,3.0592964,0.027811546,1.3932291666666667,0.00011261910757135649,0.00018707247701928978,99.19728737233955,0.48177083333333337,0.030044671827675524,13.081727069777411,21.53843,0.0235546875,0.3651302083333333,1.191316219525678,0.9670989101945096,2.915282590753137,8.426860462552835,61.2996875,70.91775150883599,5.632944
image_27.jpg,78.2624921998752,28.21900350405606,19.048984783756538,0.0,104.0,8.0,3.2792764,0.024162035,5.56808908942543,0.0004735985805495934,0.0011728375558443397,193.91548858660047,3.768060288964623,0.03571611544959674,3.307379525178557,25.860918,0.08810540968655499,0.0028440455047280756,0.30560814934097036,0.45930232558139533,2.59957524123548,6.157017162734384,42.13889022224355,46.36254839403363,5.8419604
image_28.jpg,177.71747640337804,180.085086934923,179.74126179831097,101.25,80.0,224.0,3.8102493,0.014334794,7.153502235469449,0.00021829937180055164,0.00018896518546446549,144.38744075430765,2.8017883755588673,0.02988790149357936,4.8516147441052375,25.25687,0.0809538002980626,0.021202185792349726,5.533474425561564,0.08468253968253968,2.9898043171666195,6.819341360658026,179.34346746150024,31.590197680087783,6.6389694
image_29.jpg,146.03604166666668,93.61875,123.68441406250001,151.875,88.0,176.0,4.2151256,0.007932919,5.989583333333334,0.00036717039908689515,0.00031657393992103137,215.17145386377106,13.098958333333334,0.026344440756161987,3.7088033183668525,29.044134,0.3220442708333333,0.057389322916666666,15.041062617727688,0.17177543504101955,2.8197076186323287,6.727763096353188,112.74002604166667,45.72813932406378,7.2875433
image_2.jpg,24.514548421764918,90.8525056720933,157.03892847191815,106.875,224.0,248.0,3.902537,0.014665682,7.0851411057596625,4.6185627134560346e-05,7.786315167099614e-05,272.0360340121087,4.418262150220913,0.02468971401738288,3.495018919845959,26.295572,0.11264578274887553,0.005065079807347848,0.8227766383825812,0.22917604682575415,2.7461064351472446,6.337255651014489,78.57572742108825,52.327694237648664,7.437723
image_30.jpg,137.2883111111111,76.80740740740741,160.45583703703704,140.625,136.0,192.0,4.24055,0.007867381,6.681481481481482,0.000517244949812514,0.00031026838262943437,166.0478585323447,18.31111111111111,0.03275514474895129,3.2614021091978143,29.970982,0.3606666666666667,0.11828148148148149,17.11688511644091,0.2604639023912831,2.8037054098234044,6.695544983417677,104.4401925925926,42.60897202641826,7.384476
image_31.jpg,7.964759389671361,3.3845363849765255,3.0531836854460095,0.0,0.0,0.0,1.3674821,0.055171814,0.3374413145539906,-3.4264824431256386e-05,2.5913242956605247e-05,187.03392845910528,0.11737089201877934,0.05602887342683971,31.406724363565445,19.333984,0.003330399061032864,0.045870011737089204,0.3925658321291152,0.9872118724344806,2.7996668256913084,8.909107017504208,4.715947769953051,21.34823381963785,0.6831626
image_32.jpg,7.309932511737089,3.862279929577465,2.1476525821596244,0.0,0.0,0.0,1.2894846,0.056164358,1.2177230046948357,-8.79017549986125e-05,0.00014446047500987652,186.0119123911283,0.0733568075117371,0.10552637279033661,32.53628158569336,20.514063,0.002640845070422535,0.02901261737089202,0.312589439844772,0.9853014449427006,3.0010620044264242,9.296595153055948,4.698151408450705,26.8853885279908,0.50971204
image_33.jpg,37.52377604166667,14.564531250000002,8.1615234375,22.5,168.0,8.0,2.6174335,0.034703393,3.5546875,0.0002578304443143816,0.00038450593102053643,181.8215242427784,1.1328125,0.03445153220974166,5.577810054537894,24.0132,0.0188671875,0.0021484375,0.41779555337769647,0.3254437869822485,2.2540905994081815,5.5175132456109885,20.788541666666667,28.612529560898032,4.850028
image_34.jpg,79.88542968750001,65.4746875,14.98375,22.5,216.0,8.0,3.1872613,0.025094042,1.4192708333333333,0.000123430602928555,0.0002113612979137397,101.5294665852818,0.625,0.028711461694911122,9.808914358417193,22.608398,0.023776041666666668,0.4100065104166667,1.2791969392980849,0.9701455749826696,2.891647272763328,7.497791928055288,64.13776041666667,67.72836663516698,5.815099
image_35.jpg,137.04075946343988,82.30909923177964,100.11553158460376,0.0,80.0,192.0,4.155793,0.009147077,6.30895991720734,0.0004912790518711361,0.0008269178750215438,204.88049480065186,4.856107948891454,0.02788181112865444,4.1291346002797615,26.388096,0.13061736257612547,0.049038729451100584,1.3582322702765728,0.7795001581777918,2.7855052042489854,6.700970648355086,100.70560840663933,41.71521501926642,7.247061
image_36.jpg,2.1827904929577464,11.421860328638497,13.507394366197182,0.0,0.0,0.0,1.463165,0.0544179,1.3937793427230047,8.811212697334045e-05,0.0002577763561983795,177.20726376771927,0.10269953051643192,0.06405099561171872,16.73004146984645,18.282366,0.00443075117370892,0.058443368544600936,0.5165036829506479,0.9751529987760098,2.75834095566899,5.729948715445197,8.897652582159624,35.44938078127761,0.8956363
image_37.jpg,114.19326822916668,69.95296875000001,68.270234375,39.375,176.0,248.0,3.9856968,0.012632012,5.755208333333334,0.0005865217420976548,0.0004723534486419829,188.73397956498607,12.5,0.02511559952593719,3.5885597066332897,26.90275,0.19385416666666666,0.0152734375,5.817948552753244,0.11796651078594056,2.799017002530027,6.860288368786343,82.9882421875,50.753426914097915,7.3144116
image_38.jpg,76.83946614583334,54.97798177083334,14.993502604166668,22.5,152.0,8.0,2.9450076,0.030783314,2.3177083333333335,0.0006036713247275324,0.0013112324234934739,180.75177431508396,0.48177083333333337,0.03859802335500717,10.879552029274606,22.18919,0.016966145833333335,0.0025260416666666665,3.134162773191929,0.006672398968185726,2.8725290735106084,7.404218656465492,57.02134114583333,75.32079380523899,5.4447036
image_39.jpg,23.549706572769953,22.53569542253521,21.610915492957744,0.0,0.0,0.0,1.694395,0.05087831,1.4964788732394365,-0.00025034934697366814,0.00029958553000210167,190.59859088004805,0.17605633802816903,0.040116774927203856,12.19723422328631,20.947266,0.014906103286384977,0.11740757042253522,0.70738570037076,0.9861975475999754,2.9417902683383157,6.201200903458973,22.74174002347418,62.11640627991886,1.3592184
image_3.jpg,128.61299479166667,72.8310546875,55.4876953125,174.375,216.0,248.0,3.9827988,0.01306253,5.6640625,0.00044139072662446047,0.0005631361320213932,189.23634260568298,10.846354166666668,0.024181527585363616,3.7673661582896405,27.155668,0.22493489583333334,0.026295572916666666,5.151768260768482,0.1848512585812357,2.7638433398300304,6.602284218026557,87.53158854166666,50.330695644298764,7.397469
image_40.jpg,70.76322916666668,22.017877604166667,17.228320312500003,22.5,136.0,8.0,2.9438314,0.029111031,3.7630208333333335,0.00032356570574342767,0.0007655920067090044,213.22651212438168,0.6770833333333334,0.03553903833604776,7.8981891847573795,22.83113,0.018684895833333333,0.00146484375,0.5543456173368863,0.1592356687898089,2.5832819314916433,6.14412035935532,36.081692708333335,46.59495226203591,5.45512
image_41.jpg,146.12380819958685,79.01201732083267,15.876509613856667,11.25,248.0,248.0,3.7683978,0.020164229,7.190529159383441,7.198514670934081e-05,7.672795654499913e-05,233.65650397769653,3.89321468298109,0.024155040376116425,4.1215521893939195,27.002312,0.204651994279358,0.0034860162084856187,1.0740145559034793,0.132703213610586,2.8127277990430417,7.5438629831172825,91.87929048148737,57.32943727304652,7.6481605
image_42.jpg,15.199970657276994,14.552655516431924,13.208069248826291,0.0,0.0,0.0,1.4283202,0.054256123,1.1883802816901408,-0.0009852333842440045,0.0005014579727567986,180.28104202664332,0.10269953051643192,0.15609325468540192,46.603370666503906,20.956472,0.003887910798122066,0.06142899061032864,0.4539690621574645,0.989016180465336,3.1740172772783137,9.899968787556478,14.59219483568075,56.79937701230106,0.7825747
image_43.jpg,77.72853333333333,81.56767407407408,167.06931851851851,118.125,144.0,248.0,4.1851163,0.008320385,6.814814814814815,0.0003573143422272551,0.0002834901105976973,172.6341954174249,16.785185185185185,0.030855346343661712,3.4897769013023545,29.190638,0.31767407407407405,0.0208,2.411305132366362,0.2670470756062768,2.779142132417489,6.61716597568467,90.16517037037038,44.207683849545255,7.4009457
image_44.jpg,51.8564453125,39.136966145833334,11.918919270833333,22.5,136.0,8.0,2.68443,0.03663646,1.8880208333333333,0.000728870820631363,0.001702112230092444,168.29508727501178,0.3385416666666667,0.03733135172380851,7.411329273994152,22.484676,0.018307291666666666,0.027669270833333332,0.3196338342768805,0.9801660516605166,2.7113347765422446,7.83815134416592,39.92079427083333,59.75420914301044,4.93118
image_45.jpg,105.99435555555556,106.8106962962963,92.64051851851852,50.625,0.0,248.0,4.301368,0.008129918,6.444444444444445,0.0007157882418742629,0.0008239991627725411,193.2864308253102,12.518518518518519,0.03328146402387929,3.3859605518318494,26.970295,0.21174814814814816,0.032962962962962965,2.4419671224412465,0.3761305046065421,2.87387472850296,6.697150920295023,104.95705185185186,76.81331640854205,7.592158
image_46.jpg,67.27359375,54.942669270833335,11.9570703125,22.5,216.0,8.0,3.0463047,0.028108638,1.640625,0.00010400924715653788,0.00018987670776803996,109.99983770648639,0.6119791666666667,0.03098433199239538,7.827839024523471,22.891457,0.0221875,0.0030013020833333333,1.0140881962009838,0.17868217054263566,2.8554296849702054,8.246805869652311,53.81390625,65.71672125456006,5.6283255
image_47.jpg,100.23688027819175,35.527868852459015,7.51632389468455,5.625,248.0,0.0,3.2350554,0.028063066,5.18628912071535,0.0002539996731725531,0.00048576697480016674,243.02958385240987,2.0268256333830106,0.024304725266262598,5.099670669611762,23.19041,0.07988077496274218,0.0011326378539493294,1.6334760488381033,0.016695957820738138,2.5087164182107373,6.800165635623123,51.671872826626924,36.91819090087789,6.4949455
image_48.jpg,30.6152734375,25.450442708333334,8.82234375,22.5,0.0,0.0,2.5121508,0.035322707,2.6171875,0.0006586091847521033,0.0014648361309726023,157.20027278074576,0.4036458333333333,0.054109911644651044,13.43882328848685,22.967741,0.011067708333333334,0.10776041666666666,1.0979334081922258,0.7788809938355842,2.5539896528624024,6.4218308324324145,25.1611328125,54.66885074652569,4.206788
image_49.jpg,78.16545185185186,81.80632592592593,71.53105185185186,22.5,80.0,8.0,4.137257,0.010633733,6.266666666666667,0.000471841720481716,0.0005099761804869589,161.28343139733266,8.414814814814815,0.02968112372425975,3.958783037225965,25.489698,0.14235555555555557,0.0112,8.291590097064063,0.018112122664111163,2.832738338977069,8.071344098094979,79.54918518518518,69.40439346806086,7.4214845
image_4.jpg,59.0013671875,15.180104166666668,9.697916666666668,0.0,232.0,8.0,2.6690354,0.033178844,1.2890625,0.00029846003949098997,0.00042238630593657237,186.88988011172324,0.4557291666666667,0.030004402329879148,6.92179251398359,23.489956,0.013216145833333333,0.0006119791666666667,0.944572245648929,0.006031827515400411,2.424218137267112,5.772410590235627,27.707018229166668,28.800762390709835,5.2643704
image_50.jpg,61.98197916666667,53.149921875000004,13.182200520833334,22.5,0.0,8.0,3.0157251,0.02818201,1.1458333333333333,0.0006752650130065712,0.0006970089991081452,207.00218289142305,0.46875,0.04576418616084589,14.766054693195555,22.145834,0.023997395833333334,0.022428385416666665,0.8782868208629745,0.21287771117839707,2.62721090480552,5.673916327144687,51.31494791666667,72.5037455964733,5.4938893
image_51.jpg,13.082056924882629,13.018676643192489,12.848254107981221,0.0,0.0,0.0,1.396678,0.054688472,2.640845070422535,-8.242255240047156e-05,0.0011573759843904181,187.6036689857642,0.19072769953051644,0.04579975026158186,3.739277564562284,25.082333,0.006426056338028169,0.05431338028169014,0.42614837457717697,0.9890462196099385,3.1662637305955856,9.859269870423025,13.024735915492958,54.59839723707547,0.6813563
image_52.jpg,74.09986979166668,61.21204427083334,14.086822916666668,22.5,216.0,8.0,2.9789045,0.02851388,1.7317708333333335,5.5570839831625906e-05,9.947966934418087e-05,98.0525258716784,0.5598958333333334,0.031335150779679764,9.223263759945715,21.827034,0.0234765625,0.34301432291666667,1.1701722555926868,0.9714217231779044,2.9008883251830375,8.686440996227752,59.799557291666666,70.57011495529825,5.5017767
image_53.jpg,40.93,11.875416666666668,8.294882812500001,22.5,224.0,8.0,2.3075747,0.040565707,2.34375,0.00036989653844538375,0.0003593951585701973,211.35146117475298,0.6380208333333334,0.038702999222643523,9.924288759426195,24.987722,0.010130208333333333,0.0008463541666666667,0.0897933406489236,0.6018518518518519,2.2798711753033047,5.772847424118493,20.198359375,20.790946733093943,4.8707166
image_54.jpg,141.45329359165424,90.73078986587183,12.60407352210631,16.875,248.0,248.0,3.7453036,0.024089951,6.756085444610035,0.00021515091520231188,0.00033514614237499995,184.692597639736,5.16641828117238,0.03213114166775575,4.464377218484879,25.139723,0.15304520615996026,0.005345255837059116,1.3801476976236402,0.1795727636849132,2.737643178472239,6.737963881191826,96.97506209637358,54.47335570649287,7.648849
image_55.jpg,56.0434375,16.866927083333334,11.329778645833334,0.0,224.0,8.0,2.7627501,0.033105094,3.841145833333333,8.87598953354273e-05,0.00012398021392696887,190.48555934126094,0.7682291666666666,0.028565015375487886,6.74026752932597,24.783104,0.0247265625,0.0012109375,0.14152648746967317,0.5502958579881657,2.424176955668263,5.7721038365540265,28.004583333333333,29.698688765831434,5.5360866
image_56.jpg,41.107968750000005,31.5001953125,8.340182291666666,22.5,168.0,8.0,2.83604,0.032754835,2.65625,0.000240896667004982,0.0003937430327745816,157.74503483491785,0.7942708333333334,0.03725338586774029,5.020327534831938,23.422516,0.017760416666666667,0.00208984375,0.36267045097691675,0.4397260273972603,2.5173174742921494,6.494262204238271,31.8625390625,45.163834545406225,5.341772
image_57.jpg,58.94240885416667,46.184921875,14.692877604166668,22.5,136.0,8.0,2.993354,0.029914217,3.203125,0.0007337146156151876,0.001866519806747577,208.0525875905665,0.4296875,0.0413836742835966,9.990428061196297,23.30516,0.019244791666666667,0.01416015625,3.3062784452523504,0.038091735406924815,2.804015246682506,8.191160584988166,46.5031640625,70.3714750108099,5.6025176
image_58.jpg,86.06094215861657,39.613675213675215,15.48600675809978,0.0,248.0,0.0,3.3218584,0.026598008,8.169350029815146,0.00030698687590096345,0.0002472053168411554,172.1141702014672,6.638839196978732,0.030624508057458852,4.302294065138537,26.314419,0.15032796660703637,0.00811965811965812,0.22071248411342798,0.86,2.689740614014883,6.120141837815021,50.74353011329755,58.16406239957064,6.2814503
image_59.jpg,104.58555989583334,107.41675781250001,103.07894531250001,16.875,16.0,8.0,4.1033945,0.009526284,6.09375,0.001036180567607361,0.0005234864732257278,178.14366440793387,14.453125,0.03291514648946824,4.0165099359847405,26.036077,0.26428385416666667,0.01828125,2.6790068762642996,0.17573064647349645,2.844970341387922,6.896288248228772,106.08045572916667,61.69996959666845,7.341854
image_5.jpg,54.954062500000006,16.2976953125,10.381328125000001,0.0,232.0,8.0,2.6842868,0.034386,4.036458333333334,0.00010662678131338101,0.00014767796982629675,186.9344249933958,0.9505208333333334,0.028977093388875053,5.933699240423229,25.508776,0.021510416666666667,0.0028776041666666668,0.1837708700980459,0.7245901639344262,2.4143062788159075,5.852506034639599,27.224661458333333,27.67612720039552,5.430252
image_60.jpg,86.43839843750001,62.98259114583334,13.6231640625,22.5,152.0,8.0,2.9171374,0.029163793,1.3802083333333333,8.392037320663374e-05,0.00017184065727820426,98.03949882399361,0.546875,0.03145904249201218,9.853786959534599,21.279947,0.021549479166666666,0.34288411458333334,1.1701722558055605,0.9711604064096181,2.937785116070169,8.782599798558792,64.4401171875,76.33530121067032,5.4790487
image_61.jpg,8.83669307511737,7.30619131455399,5.404665492957746,0.0,0.0,0.0,1.3073769,0.055807777,1.3497652582159625,-0.0004392876711315931,0.00041643044145461394,183.18679231356668,0.08802816901408451,0.14290182292461395,35.362266540527344,20.313803,0.002948943661971831,0.035020539906103286,0.3446177098809219,0.9841269841269841,3.1308367993492445,9.893950015603897,7.546654929577465,39.340730044747474,0.53796124
image_62.jpg,100.83811646698246,146.30497950085578,171.81373641682922,95.625,16.0,184.0,3.8828835,0.012624502,6.886120288182144,0.0004365002801092366,0.00042990102252663946,257.23340552468176,3.8610038610038613,0.026299979964981682,3.8614788633031942,25.530888,0.14208096166859052,0.017762607968793535,0.73821006889638,0.566127497621313,2.881113563627525,6.822011282392693,135.60798869561756,35.095876764694296,7.0744696
image_63.jpg,115.7478515625,111.21610677083333,83.570390625,45.0,0.0,248.0,4.227792,0.009730451,5.989583333333334,0.0022795192212989287,0.001714665456778298,235.50912491601446,10.481770833333332,0.03918061277927449,3.778830148862756,26.517897,0.20161458333333335,0.051985677083333334,9.159966785780021,0.110959798785487,2.899574473076902,6.904451524916109,109.415234375,86.07166014067668,7.5886846
image_64.jpg,83.69712592592593,86.91508148148148,83.33186666666667,61.875,0.0,8.0,3.9054258,0.013345861,6.533333333333334,0.0006917999708604133,0.0006247651729237704,178.12312316137647,7.007407407407407,0.03523473533945469,4.245047356059133,24.583923,0.1431111111111111,0.014,3.698344216573806,0.09325504514728376,2.7272566845155866,6.301719157221068,85.55641481481481,78.45694230051568,7.045455
image_65.jpg,143.33984468339307,50.40029868578256,9.577160493827162,5.625,248.0,8.0,3.4598002,0.02170555,4.480286738351254,9.932806162080649e-05,0.00019459400596594933,238.81681177986994,2.0111509358821187,0.023715176628810345,4.83989411651498,22.739557,0.08211867781760254,0.0013341298287534848,1.8210190843652796,0.04125615763546798,2.703527957873993,6.003059099897679,73.50774591796097,48.497886980299675,6.862966
image_66.jpg,53.25955729166667,62.68682291666667,49.36342447916667,50.625,0.0,8.0,3.6219168,0.01668804,4.166666666666667,6.920629935627253e-05,0.00023963672191704486,159.2305598896928,1.1328125,0.029981923931888466,6.106478526674468,22.431843,0.0417578125,0.0017447916666666666,1.6330168853913034,0.015247198042896967,2.7666705233051805,6.81694074357392,58.3555859375,62.34582842229211,6.726019
image_67.jpg,115.15263020833333,84.5370703125,63.85139322916667,5.625,112.0,248.0,4.0951276,0.009976718,5.950520833333334,0.0003262530888563604,0.0003062055221795395,143.04521304460272,9.479166666666668,0.02596035717403168,3.969486741083009,26.407248,0.21174479166666665,0.017591145833333332,6.248717207355159,0.06320911408987766,2.8219966864929455,6.560057752350852,91.32552083333333,53.866318420190915,7.642296
image_68.jpg,55.27266927083334,16.613033854166666,10.848984375,0.0,152.0,8.0,2.738129,0.034056023,3.5286458333333335,6.666132562789267e-05,9.00328060855127e-05,184.38953209187272,0.6770833333333334,0.027380079550382037,7.920887445028011,24.511719,0.023697916666666666,0.0020442708333333333,1.1004279905131884,0.11480804387568556,2.423018895085449,5.745811754900674,27.553151041666666,30.632367956680014,5.4997096
image_69.jpg,8.584785798122066,3.720481220657277,1.6030956572769952,0.0,0.0,0.0,1.3362402,0.05574916,0.7188967136150235,-4.797642637995801e-05,7.066721092444788e-05,183.492712589551,0.0,0.0,0.0,0.0,0.0029636150234741785,0.03587147887323944,0.34617198296380536,0.987679256715815,2.928959675088489,9.296783157484231,4.933069248826291,25.324206100897708,0.622175
image_6.jpg,103.96182291666668,90.1372265625,93.40735677083335,61.875,48.0,248.0,4.3532743,0.0065248334,6.145833333333333,0.0006292114723780703,0.0006475826847101779,137.75818617970256,10.065104166666666,0.030123352500842582,3.9866441918529794,27.539244,0.2358203125,0.021953125,3.132875662829195,0.21499617444529456,2.792332017369984,6.359724189759608,94.63483072916667,53.505210979160445,7.6584516
image_70.jpg,185.9745318946366,104.63626626467787,15.95913995556966,11.25,248.0,248.0,3.6029437,0.017528392,1.3686131386861315,2.171899983176959e-05,1.9145390979215977e-05,211.19626307833022,0.753728974928594,0.02303471997086155,5.283707016392758,23.192022,0.05545858457632498,0.0006843065693430657,0.5759426732771261,0.03960964408725603,2.8236378848857555,6.600216429881803,118.84332354807998,40.56986839919114,7.040329
image_71.jpg,67.18743489583333,56.81364583333334,13.682369791666668,22.5,216.0,8.0,3.0358477,0.028613307,1.5755208333333333,0.00022211202588565837,0.0003933433873472258,120.75612289649396,0.546875,0.03289883590436408,11.141404069605327,22.644903,0.022096354166666665,0.0133203125,1.3883575511830193,0.1740684022460439,2.853753677549365,8.363055985626625,55.101328125,67.04416585594467,5.703521
image_72.jpg,106.82752111276702,32.16153005464481,4.176949826130154,0.0,248.0,0.0,3.110767,0.03333083,4.947839046199702,0.00012777345961666013,0.00022786916046035682,180.02533838547856,0.9339294585196225,0.02775289332295986,6.783640666210905,23.812002,0.04071535022354694,0.007848981619473424,0.9697205895419725,0.1538761199844176,2.6012929421868747,5.660157512583622,51.2775956284153,43.47556907722537,6.9757423
image_73.jpg,5.42906396713615,11.64363262910798,11.119483568075117,0.0,0.0,0.0,1.4846314,0.054324254,2.1566901408450705,6.787830951223713e-05,0.0002922156560511728,181.01134448959715,0.20539906103286384,0.04896620514669588,9.389374894755226,21.717075,0.007761150234741784,0.058744131455399064,0.5191569925472839,0.9753958587088916,2.796482442184978,5.812630787153217,9.727450117370893,38.79211853077993,0.9645231
image_74.jpg,146.02467858137962,42.444114954424236,17.86321299207897,5.625,216.0,120.0,3.5303707,0.01774077,2.7862914460852606,7.553122873917215e-05,0.0002274502579856853,209.92154996054512,2.0698165028061934,0.02169660168986481,4.4608292533801155,23.99602,0.09236556143772638,0.002149424829837201,0.3779160226417693,0.288,2.6582066512920464,6.346967043618118,70.60763045814592,30.673780580154382,6.72645
image_75.jpg,98.55355555555556,101.7152,92.63678518518519,33.75,8.0,8.0,4.348274,0.0064809327,6.592592592592593,0.0014152262477540043,0.0010688505696939484,205.97344633878492,12.725925925925925,0.03515474246738953,4.0498636956819976,26.588037,0.2277037037037037,0.055962962962962964,14.71133672873179,0.0824304714521074,2.8558954294777648,7.043675196881981,99.75034074074074,70.14919262407673,7.6793075
image_76.jpg,153.81616447080364,81.28163435895395,30.55524817895952,5.625,224.0,248.0,4.0381756,0.013135763,7.682203558492218,0.0018675045898027861,0.001418124102774145,210.17190405494807,6.468176571269355,0.044590362063967263,4.204905595045823,25.846226,0.11366078891852088,0.01934482346853481,1.7772684173605038,0.3832807570977918,2.816196919687663,6.46465715626164,97.18463161246666,64.28442552914207,7.7410975
image_77.jpg,184.0097197376267,111.2291790896442,26.48719936394355,16.875,248.0,224.0,3.7098825,0.015155423,6.758099781355596,9.508646110151296e-05,0.00010405653214294879,204.228890947384,3.5778175313059033,0.022998483613547352,5.034778800275591,23.9704,0.050327966607036374,0.008209103557940767,0.570661514800116,0.499697519661222,2.8955784171302668,6.885917308430603,123.33082886106142,42.015693011557396,6.954239
image_78.jpg,51.851145833333334,16.027929687500002,11.413854166666667,0.0,224.0,8.0,2.715949,0.034585454,3.0598958333333335,0.0001559640559747172,0.00025016065581215667,206.44112097405372,0.703125,0.030165679649346404,7.268713745805952,24.334925,0.020716145833333335,0.003352864583333333,1.8937619683997973,0.011657386029245325,2.396240456474525,5.675043959112688,26.268997395833335,29.501776911261942,5.449009
image_79.jpg,2.4805164319248827,11.041872065727699,12.994234154929577,0.0,0.0,0.0,1.4789027,0.054371435,2.200704225352113,7.86854418057222e-05,0.0002527451114536542,210.258610607783,0.2347417840375587,0.029766941093839705,6.251955166459084,22.706055,0.008597417840375586,0.05883215962441315,0.5176027194644005,0.9786455155582673,2.744222286346399,5.70474322794223,8.70475352112676,34.78911072529189,0.93176717
image_7.jpg,140.68322440087147,160.0787284610814,170.78999801940978,95.625,16.0,232.0,4.317589,0.0072703655,7.30837789661319,0.0008745400813000092,0.0014821793202189175,238.75261650498967,3.6442859972271737,0.030926231416347233,3.7808948871882064,25.456692,0.15214894038423452,0.08198653198653198,2.0121362016289708,0.49527398899258196,2.960692583702701,6.6241394633733615,155.5006139829669,65.91129314233729,7.642069
image_80.jpg,23.6449970657277,22.62338615023474,21.78356807511737,0.0,0.0,0.0,1.6847608,0.050924174,1.7605633802816902,-0.000285866001080611,0.0003386019797363311,206.95324788838624,0.3227699530516432,0.03415274692021988,7.635204981673848,22.07777,0.011267605633802818,0.11682071596244131,0.7058314277351909,0.9875356567034602,2.943796687185049,6.201244499083028,22.83462441314554,62.56127018911809,1.344917
image_81.jpg,108.86184482473544,105.75484664351852,104.08192274305554,0.0,0.0,0.0,2.2674413,0.036406852,2.5163277116402116,0.006067033998831462,0.006739431440596501,173.13265270536317,0.9817294973544974,0.07527736831260355,14.451375281183344,22.8007,0.0361379794973545,0.05652178406084656,0.4813779844326919,0.9949520214652781,2.7713812192986897,6.704661969743256,106.50056320271165,122.01154879233346,2.8536701
image_82.jpg,17.292972417840375,15.547139084507043,14.704210680751173,0.0,0.0,0.0,1.4950682,0.053473685,1.3791079812206573,-0.000754310828808273,0.00037123951842541706,197.41670854167737,0.08802816901408451,0.1424097716808319,51.57275390625,20.408854,0.00858274647887324,0.07444982394366197,0.5019171839583434,0.9880257009345794,3.1313220464268805,9.896908426774042,15.971024061032864,56.16873234408482,0.9259881
image_83.jpg,69.41256510416667,55.180598958333334,16.570065104166666,22.5,136.0,8.0,2.9840896,0.031169888,2.7994791666666665,0.0007805246433282147,0.0019003175726585888,187.339493379482,0.5729166666666666,0.044706941857426005,12.656664208932357,21.517223,0.017903645833333332,0.31328125,1.4553736226899283,0.8171027831077754,2.860360052439966,7.6140002859639,55.1108984375,73.47806206741161,5.406961
image_84.jpg,74.06670572916667,60.74549479166667,13.905000000000001,22.5,216.0,8.0,3.056559,0.027597254,1.8098958333333333,6.745724125113916e-05,0.00012701191018123272,99.33472795966718,0.6640625,0.029270760203693427,12.286679782119451,22.108763,0.025325520833333334,0.3684375,1.1963669825877463,0.970287183883412,2.8917376266413375,8.196010944659227,59.47940104166667,68.12512513486672,5.6460576
image_85.jpg,51.450130208333334,14.834479166666668,10.245169270833333,0.0,224.0,8.0,2.6194282,0.03617053,3.893229166666667,0.00018597026527296357,0.00028500776999778574,205.64135137050846,0.8072916666666666,0.03159741947667733,9.72204125696613,24.58115,0.019205729166666668,0.0014973958333333334,0.19744382394211632,0.5927835051546392,2.3803198505756895,5.6911496366597305,25.310533854166668,26.06116630233414,5.316061
image_86.jpg,106.13306531863233,70.77399195955897,68.3925486605899,5.625,72.0,8.0,4.1974945,0.008527815,3.164430999482546,6.420022452428659e-05,8.657587759022497e-05,255.36452400459433,1.4528519683158858,0.026574152266632203,5.1577307263465775,23.114834,0.039346415635075425,0.001263782191617243,1.5009134097341408,0.02896237172177879,2.75174412378344,6.343922045009342,81.07497114198145,54.28040300049984,7.4821877
image_87.jpg,10.385915492957746,10.258641431924882,10.007409037558686,0.0,0.0,0.0,1.3505008,0.05535092,1.3791079812206573,-0.0008199718715641598,0.0005632705772854121,185.68687510030702,0.08802816901408451,0.14061403895417848,33.013392051061,19.851562,0.0032570422535211268,0.04307511737089202,0.38085355991270486,0.987056648176164,3.176768492007641,9.787464412232156,10.265023474178404,48.19366840706324,0.5765469
image_88.jpg,112.26045454545455,55.559347826086956,67.40162055335969,0.0,248.0,0.0,4.023574,0.013522994,7.9644268774703555,0.0002797473496678482,0.00031070036870302895,160.93294601345772,5.750988142292489,0.030358383486437837,4.735314452771059,25.154156,0.11816205533596838,0.0034288537549407114,1.7533572366814207,0.055000792518624185,2.748635898136387,6.556239480471383,73.86381422924902,57.06244214225515,7.04436
image_89.jpg,23.066593309859154,0.2102112676056338,0.21851525821596243,0.0,0.0,0.0,1.3022839,0.0555984,0.36678403755868544,2.477793653952176e-06,4.182370767778034e-06,146.81518310546875,0.2347417840375587,0.017900952603667974,5.0302559658885,16.80371,0.005237676056338028,0.09091109154929577,0.6505671795492548,0.9749822987963181,2.473752525528095,5.176288877867546,7.046816314553991,21.6868097531714,0.9335635
image_8.jpg,162.24039291882556,73.33916234887738,20.534614277489926,5.625,248.0,248.0,3.671282,0.017953314,7.772020725388601,0.00024017712957881667,0.0001948715944553461,208.35193454029354,2.158894645941278,0.034949857260410985,5.051769224802653,25.107552,0.09517127230857801,0.0007556131260794474,1.234071957605175,0.03697183098591549,2.767060350135452,6.393878911020018,93.9005829015544,42.92273768223622,7.201176
image_90.jpg,6.192664319248826,8.556880868544601,7.210710093896713,0.0,0.0,0.0,1.38464,0.05518384,2.4061032863849765,7.26930148663619e-05,0.0003331893781702684,182.274847245071,0.2347417840375587,0.052936856052838266,10.750400960445404,26.678223,0.006000586854460094,0.04583333333333333,0.3921105960072988,0.9881385418314091,3.010290061207097,9.088094983257529,7.697681924882629,35.204882897657754,0.70070684
image_91.jpg,123.76166158536586,106.04665904471544,38.451435467479676,16.875,248.0,24.0,4.14792,0.0106472345,5.894308943089431,0.0005483519940334002,0.0005258362663966645,148.5044144053526,10.797764227642276,0.03090519283514689,4.079535002568189,26.818666,0.21347815040650406,0.06422764227642276,10.885807981128828,0.20107377212169417,2.8781876695659103,7.2753399171930955,103.64241615853659,58.2704720136597,7.617863
image_92.jpg,133.40151041666667,136.2996701388889,122.64595486111111,22.5,16.0,168.0,4.3384566,0.006494048,7.152777777777778,0.000609624091474014,0.0004754733161655299,192.93247418177938,12.569444444444445,0.03415849292650819,3.878633962645715,26.505968,0.20901041666666667,0.008949652777777779,2.8676693801879884,0.10010680648606661,2.862170179318223,6.28843794926245,133.87689236111112,53.39689019693648,7.6257315
image_93.jpg,67.07080729166667,53.1055859375,15.759401041666667,22.5,136.0,8.0,2.9857798,0.030731047,2.2526041666666665,0.0005821787293330602,0.001436668954559341,190.73497643222697,0.5078125,0.04690874267656069,14.415417976868458,22.198717,0.018294270833333334,0.00287109375,3.0673516807811603,0.007629229811085738,2.841542519642641,7.407440858967408,53.111484375,71.18963282131838,5.4225855
image_94.jpg,76.25297536122278,51.57093101938463,39.22980933805676,0.0,128.0,0.0,3.7396908,0.017235208,5.274051665804244,0.0006942796456055133,0.0008353544839382965,242.85356968978667,3.4231580623333198,0.03193658865381812,4.562586925057477,23.15139,0.06149743263145325,0.006378617203359471,2.8852996731436016,0.033145457365944465,2.5596245051670152,5.895708056886136,57.52123552123552,53.12617149347402,6.48155
image_95.jpg,174.17232142857142,71.05916666666667,54.89218253968254,0.0,248.0,240.0,3.5309463,0.022986718,1.4484126984126984,0.00020393373387345528,0.000718210762070512,197.00409170699447,0.7142857142857143,0.05174552043899894,3.8132978280385337,20.82704,0.05892857142857143,0.0012301587301587302,1.053309738503267,0.08516483516483517,2.856772013561703,7.274123434503352,100.03365079365079,72.01515175232085,6.9378605
image_96.jpg,61.199986979166674,49.01348958333334,14.245963541666667,22.5,136.0,8.0,2.873551,0.03266036,1.5625,0.00021927744884114492,0.0003584967289248252,138.18327266375223,0.3125,0.052067257657957576,21.277964929739635,21.640951,0.0123828125,0.2707421875,1.4871575300182616,0.8176884659247317,2.809112844588937,7.534321256925678,48.780859375,68.06119449536921,5.2670617
image_97.jpg,100.5001288378823,130.29589106261523,150.50353808646014,101.25,120.0,192.0,3.9926083,0.011710116,7.234742621553587,0.00024758344341570943,0.00047228445574217784,241.6744550290173,3.9047788943727575,0.0247943683617233,4.852856813953613,25.076141,0.11557749103090127,0.0024280985510693543,1.2297674765629052,0.06229341469616069,2.8670491652342953,6.946444140801422,123.67398069413886,43.52938399637408,7.1130013
image_98.jpg,14.81623219458001,51.91411736698012,141.43441256993216,112.5,248.0,120.0,3.2670803,0.026213372,7.995079950799507,0.00055124494713452,0.0005619494111354604,182.9128968762257,9.24493115898901,0.034698418461489834,4.031573172290949,25.120657,0.14641114153077014,0.006249256040947507,0.3009608394468378,0.5753424657534246,2.4876815373727377,5.904485528783949,51.01880728484704,37.426660994456135,6.34851
image_99.jpg,142.63080152067164,150.39034531918264,177.05985664501821,106.875,104.0,240.0,4.220376,0.0099629965,6.989545382543957,0.00041799298232168987,0.0005407423817094297,197.60258104616287,3.4650720734991287,0.03555586695671081,4.005776626723153,25.312902,0.14933470616188818,0.011672342784729922,0.4527174880769518,0.5681927710843373,2.9583190672418094,7.757911053247297,151.10618960874388,50.51033936457665,7.435491
image_9.jpg,70.6859765625,58.67920572916667,13.937161458333334,22.5,216.0,8.0,3.1483355,0.027580708,2.2526041666666665,0.00021848874917203845,0.000341060082426324,97.73018498985753,0.6119791666666667,0.038084189704758055,9.005744822481846,23.188332,0.017994791666666666,0.0011263020833333333,0.6378191300800868,0.13505074160811867,2.9044854444686092,8.190586444222905,57.253268229166665,72.6007981654926,5.9045706
